서비스ID,서비스명,소관기관,민원분야,온라인처리,처리기한일,수수료
S001,주민등록등본 발급,주민센터,주민등록,가능,7,500
S002,전입신고,복지정책과,주민등록,불가,1,0
S003,인감증명 발급,복지정책과,주민등록,가능,1,0
S004,주민등록증 재발급,건축과,주민등록,가능,0,0
S005,건축물대장 발급,구청 민원봉사과,건축,불가,0,1000
S006,건축허가 신청,건축과,건축,불가,1,2000
S007,용도변경 신고,시청 민원과,건축,불가,0,0
S008,지방세 납부확인서,건축과,세무,가능,1,1000
S009,취득세 신고,교통행정과,세무,가능,0,0
S010,재산세 조회,교통행정과,세무,가능,3,0
S011,기초연금 신청,건축과,복지,가능,7,500
S012,복지급여 조회,시청 민원과,복지,가능,14,5000
S013,장애인 등록,주민센터,복지,가능,5,0
S014,자동차 등록,주민센터,교통,가능,1,5000
S015,운전면허 갱신,교통행정과,교통,불가,1,0
S016,주정차 위반 조회,주민센터,교통,가능,7,1000
S017,배출시설 신고,주민센터,환경,가능,1,0
S018,폐기물 처리 신청,시청 민원과,환경,가능,14,5000
S019,식품영업 신고,건축과,위생,가능,3,2000
S020,위생업소 조회,시청 민원과,위생,불가,7,500
S021,여권 발급 신청,건축과,여권,가능,7,1000
S022,여권 재발급,교통행정과,여권,가능,1,1000
